,lat,lon,name
0,33.34883,-112.49123,"Maricopa County, Arizona, United States of America"
1,33.34883,-112.49123,"Maricopa County, Arizona, United States of America"
2,33.34883,-112.49123,"Maricopa County, Arizona, United States of America"
3,33.34883,-112.49123,"Maricopa County, Arizona, United States of America"
4,33.34883,-112.49123,"Maricopa County, Arizona, United States of America"
5,33.34883,-112.49123,"Maricopa County, Arizona, United States of America"
6,33.34883,-112.49123,"Maricopa County, Arizona, United States of America"
7,33.34883,-112.49123,"Maricopa County, Arizona, United States of America"
8,33.34883,-112.49123,"Maricopa County, Arizona, United States of America"
9,33.34883,-112.49123,"Maricopa County, Arizona, United States of America"
10,33.34883,-112.49123,"Maricopa County, Arizona, United States of America"
11,33.34883,-112.49123,"Maricopa County, Arizona, United States of America"
12,33.34883,-112.49123,"Maricopa County, Arizona, United States of America"
13,33.34883,-112.49123,"Maricopa County, Arizona, United States of America"
14,33.34883,-112.49123,"Maricopa County, Arizona, United States of America"
15,33.34883,-112.49123,"Maricopa County, Arizona, United States of America"
16,33.34883,-112.49123,"Maricopa County, Arizona, United States of America"
17,33.34883,-112.49123,"Maricopa County, Arizona, United States of America"
18,33.34883,-112.49123,"Maricopa County, Arizona, United States of America"
19,33.34883,-112.49123,"Maricopa County, Arizona, United States of America"
20,33.34883,-112.49123,"Maricopa County, Arizona, United States of America"
21,32.8085851,-111.4426212,"Pinal County, Arizona, United States of America"
22,32.8085851,-111.4426212,"Pinal County, Arizona, United States of America"
23,32.8085851,-111.4426212,"Pinal County, Arizona, United States of America"
24,32.8085851,-111.4426212,"Pinal County, Arizona, United States of America"
25,32.8085851,-111.4426212,"Pinal County, Arizona, United States of America"
26,32.8085851,-111.4426212,"Pinal County, Arizona, United States of America"
27,32.8085851,-111.4426212,"Pinal County, Arizona, United States of America"
28,32.8085851,-111.4426212,"Pinal County, Arizona, United States of America"
29,32.8085851,-111.4426212,"Pinal County, Arizona, United States of America"
30,32.8085851,-111.4426212,"Pinal County, Arizona, United States of America"
31,37.8044557,-122.2713563,"Oakland, Alameda County, California, United States of America"
32,37.8044557,-122.2713563,"Oakland, Alameda County, California, United States of America"
33,37.8044557,-122.2713563,"Oakland, Alameda County, California, United States of America"
34,37.8044557,-122.2713563,"Oakland, Alameda County, California, United States of America"
35,39.6519275,-121.5858444,"Butte County, California, United States of America"
36,39.6519275,-121.5858444,"Butte County, California, United States of America"
37,39.6519275,-121.5858444,"Butte County, California, United States of America"
38,39.6519275,-121.5858444,"Butte County, California, United States of America"
39,37.9034806,-121.9175345,"Contra Costa County, California, United States of America"
40,37.9034806,-121.9175345,"Contra Costa County, California, United States of America"
41,37.9034806,-121.9175345,"Contra Costa County, California, United States of America"
42,37.9034806,-121.9175345,"Contra Costa County, California, United States of America"
43,37.9034806,-121.9175345,"Contra Costa County, California, United States of America"
44,37.9034806,-121.9175345,"Contra Costa County, California, United States of America"
45,37.9034806,-121.9175345,"Contra Costa County, California, United States of America"
46,36.6713502,-119.8155355,"Fresno County, California, United States of America"
47,36.6713502,-119.8155355,"Fresno County, California, United States of America"
48,36.6713502,-119.8155355,"Fresno County, California, United States of America"
49,36.6713502,-119.8155355,"Fresno County, California, United States of America"
50,36.6713502,-119.8155355,"Fresno County, California, United States of America"
51,36.6713502,-119.8155355,"Fresno County, California, United States of America"
52,36.6713502,-119.8155355,"Fresno County, California, United States of America"
53,36.6713502,-119.8155355,"Fresno County, California, United States of America"
54,36.6713502,-119.8155355,"Fresno County, California, United States of America"
55,36.6713502,-119.8155355,"Fresno County, California, United States of America"
56,36.6713502,-119.8155355,"Fresno County, California, United States of America"
57,36.6713502,-119.8155355,"Fresno County, California, United States of America"
58,36.6713502,-119.8155355,"Fresno County, California, United States of America"
59,36.6713502,-119.8155355,"Fresno County, California, United States of America"
60,36.6713502,-119.8155355,"Fresno County, California, United States of America"
61,36.6713502,-119.8155355,"Fresno County, California, United States of America"
62,36.6713502,-119.8155355,"Fresno County, California, United States of America"
63,36.6713502,-119.8155355,"Fresno County, California, United States of America"
64,36.6713502,-119.8155355,"Fresno County, California, United States of America"
65,36.6713502,-119.8155355,"Fresno County, California, United States of America"
66,36.6713502,-119.8155355,"Fresno County, California, United States of America"
67,36.6713502,-119.8155355,"Fresno County, California, United States of America"
68,36.6713502,-119.8155355,"Fresno County, California, United States of America"
69,36.6713502,-119.8155355,"Fresno County, California, United States of America"
70,36.6713502,-119.8155355,"Fresno County, California, United States of America"
71,36.6713502,-119.8155355,"Fresno County, California, United States of America"
72,36.6713502,-119.8155355,"Fresno County, California, United States of America"
73,36.6713502,-119.8155355,"Fresno County, California, United States of America"
74,36.6713502,-119.8155355,"Fresno County, California, United States of America"
75,36.6713502,-119.8155355,"Fresno County, California, United States of America"
76,36.6713502,-119.8155355,"Fresno County, California, United States of America"
77,36.6713502,-119.8155355,"Fresno County, California, United States of America"
78,36.6713502,-119.8155355,"Fresno County, California, United States of America"
79,36.6713502,-119.8155355,"Fresno County, California, United States of America"
80,36.6713502,-119.8155355,"Fresno County, California, United States of America"
81,36.6713502,-119.8155355,"Fresno County, California, United States of America"
82,36.6713502,-119.8155355,"Fresno County, California, United States of America"
83,36.6713502,-119.8155355,"Fresno County, California, United States of America"
84,36.6713502,-119.8155355,"Fresno County, California, United States of America"
85,36.6713502,-119.8155355,"Fresno County, California, United States of America"
86,36.6713502,-119.8155355,"Fresno County, California, United States of America"
87,36.6713502,-119.8155355,"Fresno County, California, United States of America"
88,36.6713502,-119.8155355,"Fresno County, California, United States of America"
89,36.6713502,-119.8155355,"Fresno County, California, United States of America"
90,36.6713502,-119.8155355,"Fresno County, California, United States of America"
91,36.6713502,-119.8155355,"Fresno County, California, United States of America"
92,36.6713502,-119.8155355,"Fresno County, California, United States of America"
93,36.6713502,-119.8155355,"Fresno County, California, United States of America"
94,36.6713502,-119.8155355,"Fresno County, California, United States of America"
95,36.6713502,-119.8155355,"Fresno County, California, United States of America"
96,36.6713502,-119.8155355,"Fresno County, California, United States of America"
97,36.6713502,-119.8155355,"Fresno County, California, United States of America"
98,36.6713502,-119.8155355,"Fresno County, California, United States of America"
99,36.6713502,-119.8155355,"Fresno County, California, United States of America"
100,36.6713502,-119.8155355,"Fresno County, California, United States of America"
101,36.6713502,-119.8155355,"Fresno County, California, United States of America"
102,36.6713502,-119.8155355,"Fresno County, California, United States of America"
103,36.6713502,-119.8155355,"Fresno County, California, United States of America"
104,36.6713502,-119.8155355,"Fresno County, California, United States of America"
105,36.6713502,-119.8155355,"Fresno County, California, United States of America"
106,36.6713502,-119.8155355,"Fresno County, California, United States of America"
107,36.6713502,-119.8155355,"Fresno County, California, United States of America"
108,36.6713502,-119.8155355,"Fresno County, California, United States of America"
109,36.6713502,-119.8155355,"Fresno County, California, United States of America"
110,36.6713502,-119.8155355,"Fresno County, California, United States of America"
111,36.6713502,-119.8155355,"Fresno County, California, United States of America"
112,36.6713502,-119.8155355,"Fresno County, California, United States of America"
113,36.6713502,-119.8155355,"Fresno County, California, United States of America"
114,36.6713502,-119.8155355,"Fresno County, California, United States of America"
115,36.6713502,-119.8155355,"Fresno County, California, United States of America"
116,36.6713502,-119.8155355,"Fresno County, California, United States of America"
117,36.6713502,-119.8155355,"Fresno County, California, United States of America"
118,36.6713502,-119.8155355,"Fresno County, California, United States of America"
119,36.6713502,-119.8155355,"Fresno County, California, United States of America"
120,36.6713502,-119.8155355,"Fresno County, California, United States of America"
121,36.6713502,-119.8155355,"Fresno County, California, United States of America"
122,36.6713502,-119.8155355,"Fresno County, California, United States of America"
123,36.6713502,-119.8155355,"Fresno County, California, United States of America"
124,36.6713502,-119.8155355,"Fresno County, California, United States of America"
125,36.6713502,-119.8155355,"Fresno County, California, United States of America"
126,36.6713502,-119.8155355,"Fresno County, California, United States of America"
127,36.6713502,-119.8155355,"Fresno County, California, United States of America"
128,36.6713502,-119.8155355,"Fresno County, California, United States of America"
129,36.6713502,-119.8155355,"Fresno County, California, United States of America"
130,36.6713502,-119.8155355,"Fresno County, California, United States of America"
131,36.6713502,-119.8155355,"Fresno County, California, United States of America"
132,36.6713502,-119.8155355,"Fresno County, California, United States of America"
133,36.6713502,-119.8155355,"Fresno County, California, United States of America"
134,39.5912766,-122.3778662,"Glenn County, California, United States of America"
135,33.0305487,-115.3595666,"Imperial County, California, United States of America"
136,33.0305487,-115.3595666,"Imperial County, California, United States of America"
137,33.0305487,-115.3595666,"Imperial County, California, United States of America"
138,33.0305487,-115.3595666,"Imperial County, California, United States of America"
139,33.0305487,-115.3595666,"Imperial County, California, United States of America"
140,33.0305487,-115.3595666,"Imperial County, California, United States of America"
141,33.0305487,-115.3595666,"Imperial County, California, United States of America"
142,33.0305487,-115.3595666,"Imperial County, California, United States of America"
143,33.0305487,-115.3595666,"Imperial County, California, United States of America"
144,33.0305487,-115.3595666,"Imperial County, California, United States of America"
145,33.0305487,-115.3595666,"Imperial County, California, United States of America"
146,33.0305487,-115.3595666,"Imperial County, California, United States of America"
147,33.0305487,-115.3595666,"Imperial County, California, United States of America"
148,33.0305487,-115.3595666,"Imperial County, California, United States of America"
149,33.0305487,-115.3595666,"Imperial County, California, United States of America"
150,33.0305487,-115.3595666,"Imperial County, California, United States of America"
151,33.0305487,-115.3595666,"Imperial County, California, United States of America"
152,33.0305487,-115.3595666,"Imperial County, California, United States of America"
153,33.0305487,-115.3595666,"Imperial County, California, United States of America"
154,33.0305487,-115.3595666,"Imperial County, California, United States of America"
155,33.0305487,-115.3595666,"Imperial County, California, United States of America"
156,33.0305487,-115.3595666,"Imperial County, California, United States of America"
157,33.0305487,-115.3595666,"Imperial County, California, United States of America"
158,33.0305487,-115.3595666,"Imperial County, California, United States of America"
159,33.0305487,-115.3595666,"Imperial County, California, United States of America"
160,33.0305487,-115.3595666,"Imperial County, California, United States of America"
161,33.0305487,-115.3595666,"Imperial County, California, United States of America"
162,33.0305487,-115.3595666,"Imperial County, California, United States of America"
163,33.0305487,-115.3595666,"Imperial County, California, United States of America"
164,33.0305487,-115.3595666,"Imperial County, California, United States of America"
165,33.0305487,-115.3595666,"Imperial County, California, United States of America"
166,33.0305487,-115.3595666,"Imperial County, California, United States of America"
167,33.0305487,-115.3595666,"Imperial County, California, United States of America"
168,33.0305487,-115.3595666,"Imperial County, California, United States of America"
169,33.0305487,-115.3595666,"Imperial County, California, United States of America"
170,33.0305487,-115.3595666,"Imperial County, California, United States of America"
171,33.0305487,-115.3595666,"Imperial County, California, United States of America"
172,33.0305487,-115.3595666,"Imperial County, California, United States of America"
173,33.0305487,-115.3595666,"Imperial County, California, United States of America"
174,33.0305487,-115.3595666,"Imperial County, California, United States of America"
175,33.0305487,-115.3595666,"Imperial County, California, United States of America"
176,33.0305487,-115.3595666,"Imperial County, California, United States of America"
177,33.0305487,-115.3595666,"Imperial County, California, United States of America"
178,33.0305487,-115.3595666,"Imperial County, California, United States of America"
179,33.0305487,-115.3595666,"Imperial County, California, United States of America"
180,33.0305487,-115.3595666,"Imperial County, California, United States of America"
181,33.0305487,-115.3595666,"Imperial County, California, United States of America"
182,33.0305487,-115.3595666,"Imperial County, California, United States of America"
183,33.0305487,-115.3595666,"Imperial County, California, United States of America"
184,33.0305487,-115.3595666,"Imperial County, California, United States of America"
185,33.0305487,-115.3595666,"Imperial County, California, United States of America"
186,33.0305487,-115.3595666,"Imperial County, California, United States of America"
187,33.0305487,-115.3595666,"Imperial County, California, United States of America"
188,33.0305487,-115.3595666,"Imperial County, California, United States of America"
189,33.0305487,-115.3595666,"Imperial County, California, United States of America"
190,33.0305487,-115.3595666,"Imperial County, California, United States of America"
191,33.0305487,-115.3595666,"Imperial County, California, United States of America"
192,33.0305487,-115.3595666,"Imperial County, California, United States of America"
193,33.0305487,-115.3595666,"Imperial County, California, United States of America"
194,33.0305487,-115.3595666,"Imperial County, California, United States of America"
195,33.0305487,-115.3595666,"Imperial County, California, United States of America"
196,33.0305487,-115.3595666,"Imperial County, California, United States of America"
197,33.0305487,-115.3595666,"Imperial County, California, United States of America"
198,33.0305487,-115.3595666,"Imperial County, California, United States of America"
199,33.0305487,-115.3595666,"Imperial County, California, United States of America"
200,33.0305487,-115.3595666,"Imperial County, California, United States of America"
201,33.0305487,-115.3595666,"Imperial County, California, United States of America"
202,33.0305487,-115.3595666,"Imperial County, California, United States of America"
203,33.0305487,-115.3595666,"Imperial County, California, United States of America"
204,33.0305487,-115.3595666,"Imperial County, California, United States of America"
205,33.0305487,-115.3595666,"Imperial County, California, United States of America"
206,33.0305487,-115.3595666,"Imperial County, California, United States of America"
207,33.0305487,-115.3595666,"Imperial County, California, United States of America"
208,33.0305487,-115.3595666,"Imperial County, California, United States of America"
209,33.0305487,-115.3595666,"Imperial County, California, United States of America"
210,33.0305487,-115.3595666,"Imperial County, California, United States of America"
211,33.0305487,-115.3595666,"Imperial County, California, United States of America"
212,33.0305487,-115.3595666,"Imperial County, California, United States of America"
213,33.0305487,-115.3595666,"Imperial County, California, United States of America"
214,33.0305487,-115.3595666,"Imperial County, California, United States of America"
215,33.0305487,-115.3595666,"Imperial County, California, United States of America"
216,33.0305487,-115.3595666,"Imperial County, California, United States of America"
217,33.0305487,-115.3595666,"Imperial County, California, United States of America"
218,33.0305487,-115.3595666,"Imperial County, California, United States of America"
219,33.0305487,-115.3595666,"Imperial County, California, United States of America"
220,33.0305487,-115.3595666,"Imperial County, California, United States of America"
221,33.0305487,-115.3595666,"Imperial County, California, United States of America"
222,33.0305487,-115.3595666,"Imperial County, California, United States of America"
223,33.0305487,-115.3595666,"Imperial County, California, United States of America"
224,33.0305487,-115.3595666,"Imperial County, California, United States of America"
225,33.0305487,-115.3595666,"Imperial County, California, United States of America"
226,33.0305487,-115.3595666,"Imperial County, California, United States of America"
227,33.0305487,-115.3595666,"Imperial County, California, United States of America"
228,33.0305487,-115.3595666,"Imperial County, California, United States of America"
229,33.0305487,-115.3595666,"Imperial County, California, United States of America"
230,33.0305487,-115.3595666,"Imperial County, California, United States of America"
231,33.0305487,-115.3595666,"Imperial County, California, United States of America"
232,33.0305487,-115.3595666,"Imperial County, California, United States of America"
233,33.0305487,-115.3595666,"Imperial County, California, United States of America"
234,33.0305487,-115.3595666,"Imperial County, California, United States of America"
235,33.0305487,-115.3595666,"Imperial County, California, United States of America"
236,33.0305487,-115.3595666,"Imperial County, California, United States of America"
237,33.0305487,-115.3595666,"Imperial County, California, United States of America"
238,33.0305487,-115.3595666,"Imperial County, California, United States of America"
239,33.0305487,-115.3595666,"Imperial County, California, United States of America"
240,33.0305487,-115.3595666,"Imperial County, California, United States of America"
241,33.0305487,-115.3595666,"Imperial County, California, United States of America"
242,33.0305487,-115.3595666,"Imperial County, California, United States of America"
243,33.0305487,-115.3595666,"Imperial County, California, United States of America"
244,33.0305487,-115.3595666,"Imperial County, California, United States of America"
245,33.0305487,-115.3595666,"Imperial County, California, United States of America"
246,33.0305487,-115.3595666,"Imperial County, California, United States of America"
247,33.0305487,-115.3595666,"Imperial County, California, United States of America"
248,33.0305487,-115.3595666,"Imperial County, California, United States of America"
249,33.0305487,-115.3595666,"Imperial County, California, United States of America"
250,33.0305487,-115.3595666,"Imperial County, California, United States of America"
251,33.0305487,-115.3595666,"Imperial County, California, United States of America"
252,33.0305487,-115.3595666,"Imperial County, California, United States of America"
253,33.0305487,-115.3595666,"Imperial County, California, United States of America"
254,33.0305487,-115.3595666,"Imperial County, California, United States of America"
255,33.0305487,-115.3595666,"Imperial County, California, United States of America"
256,33.0305487,-115.3595666,"Imperial County, California, United States of America"
257,33.0305487,-115.3595666,"Imperial County, California, United States of America"
258,33.0305487,-115.3595666,"Imperial County, California, United States of America"
259,33.0305487,-115.3595666,"Imperial County, California, United States of America"
260,33.0305487,-115.3595666,"Imperial County, California, United States of America"
261,33.0305487,-115.3595666,"Imperial County, California, United States of America"
262,33.0305487,-115.3595666,"Imperial County, California, United States of America"
263,33.0305487,-115.3595666,"Imperial County, California, United States of America"
264,33.0305487,-115.3595666,"Imperial County, California, United States of America"
265,33.0305487,-115.3595666,"Imperial County, California, United States of America"
266,33.0305487,-115.3595666,"Imperial County, California, United States of America"
267,33.0305487,-115.3595666,"Imperial County, California, United States of America"
268,33.0305487,-115.3595666,"Imperial County, California, United States of America"
269,33.0305487,-115.3595666,"Imperial County, California, United States of America"
270,33.0305487,-115.3595666,"Imperial County, California, United States of America"
271,33.0305487,-115.3595666,"Imperial County, California, United States of America"
272,33.0305487,-115.3595666,"Imperial County, California, United States of America"
273,33.0305487,-115.3595666,"Imperial County, California, United States of America"
274,33.0305487,-115.3595666,"Imperial County, California, United States of America"
275,33.0305487,-115.3595666,"Imperial County, California, United States of America"
276,33.0305487,-115.3595666,"Imperial County, California, United States of America"
277,33.0305487,-115.3595666,"Imperial County, California, United States of America"
278,33.0305487,-115.3595666,"Imperial County, California, United States of America"
279,33.0305487,-115.3595666,"Imperial County, California, United States of America"
280,33.0305487,-115.3595666,"Imperial County, California, United States of America"
281,33.0305487,-115.3595666,"Imperial County, California, United States of America"
282,33.0305487,-115.3595666,"Imperial County, California, United States of America"
283,33.0305487,-115.3595666,"Imperial County, California, United States of America"
284,33.0305487,-115.3595666,"Imperial County, California, United States of America"
285,33.0305487,-115.3595666,"Imperial County, California, United States of America"
286,33.0305487,-115.3595666,"Imperial County, California, United States of America"
287,33.0305487,-115.3595666,"Imperial County, California, United States of America"
288,33.0305487,-115.3595666,"Imperial County, California, United States of America"
289,33.0305487,-115.3595666,"Imperial County, California, United States of America"
290,33.0305487,-115.3595666,"Imperial County, California, United States of America"
291,33.0305487,-115.3595666,"Imperial County, California, United States of America"
292,33.0305487,-115.3595666,"Imperial County, California, United States of America"
293,33.0305487,-115.3595666,"Imperial County, California, United States of America"
294,33.0305487,-115.3595666,"Imperial County, California, United States of America"
295,33.0305487,-115.3595666,"Imperial County, California, United States of America"
296,33.0305487,-115.3595666,"Imperial County, California, United States of America"
297,33.0305487,-115.3595666,"Imperial County, California, United States of America"
298,33.0305487,-115.3595666,"Imperial County, California, United States of America"
299,33.0305487,-115.3595666,"Imperial County, California, United States of America"
300,33.0305487,-115.3595666,"Imperial County, California, United States of America"
301,33.0305487,-115.3595666,"Imperial County, California, United States of America"
302,33.0305487,-115.3595666,"Imperial County, California, United States of America"
303,33.0305487,-115.3595666,"Imperial County, California, United States of America"
304,33.0305487,-115.3595666,"Imperial County, California, United States of America"
305,33.0305487,-115.3595666,"Imperial County, California, United States of America"
306,33.0305487,-115.3595666,"Imperial County, California, United States of America"
307,33.0305487,-115.3595666,"Imperial County, California, United States of America"
308,33.0305487,-115.3595666,"Imperial County, California, United States of America"
309,33.0305487,-115.3595666,"Imperial County, California, United States of America"
310,33.0305487,-115.3595666,"Imperial County, California, United States of America"
311,33.0305487,-115.3595666,"Imperial County, California, United States of America"
312,33.0305487,-115.3595666,"Imperial County, California, United States of America"
313,33.0305487,-115.3595666,"Imperial County, California, United States of America"
314,33.0305487,-115.3595666,"Imperial County, California, United States of America"
315,33.0305487,-115.3595666,"Imperial County, California, United States of America"
316,33.0305487,-115.3595666,"Imperial County, California, United States of America"
317,33.0305487,-115.3595666,"Imperial County, California, United States of America"
318,33.0305487,-115.3595666,"Imperial County, California, United States of America"
319,33.0305487,-115.3595666,"Imperial County, California, United States of America"
320,33.0305487,-115.3595666,"Imperial County, California, United States of America"
321,33.0305487,-115.3595666,"Imperial County, California, United States of America"
322,33.0305487,-115.3595666,"Imperial County, California, United States of America"
323,33.0305487,-115.3595666,"Imperial County, California, United States of America"
324,33.0305487,-115.3595666,"Imperial County, California, United States of America"
325,33.0305487,-115.3595666,"Imperial County, California, United States of America"
326,33.0305487,-115.3595666,"Imperial County, California, United States of America"
327,33.0305487,-115.3595666,"Imperial County, California, United States of America"
328,33.0305487,-115.3595666,"Imperial County, California, United States of America"
329,33.0305487,-115.3595666,"Imperial County, California, United States of America"
330,33.0305487,-115.3595666,"Imperial County, California, United States of America"
331,33.0305487,-115.3595666,"Imperial County, California, United States of America"
332,33.0305487,-115.3595666,"Imperial County, California, United States of America"
333,33.0305487,-115.3595666,"Imperial County, California, United States of America"
334,33.0305487,-115.3595666,"Imperial County, California, United States of America"
335,33.0305487,-115.3595666,"Imperial County, California, United States of America"
336,33.0305487,-115.3595666,"Imperial County, California, United States of America"
337,33.0305487,-115.3595666,"Imperial County, California, United States of America"
338,33.0305487,-115.3595666,"Imperial County, California, United States of America"
339,33.0305487,-115.3595666,"Imperial County, California, United States of America"
340,33.0305487,-115.3595666,"Imperial County, California, United States of America"
341,33.0305487,-115.3595666,"Imperial County, California, United States of America"
342,33.0305487,-115.3595666,"Imperial County, California, United States of America"
343,33.0305487,-115.3595666,"Imperial County, California, United States of America"
344,33.0305487,-115.3595666,"Imperial County, California, United States of America"
345,33.0305487,-115.3595666,"Imperial County, California, United States of America"
346,33.0305487,-115.3595666,"Imperial County, California, United States of America"
347,33.0305487,-115.3595666,"Imperial County, California, United States of America"
348,33.0305487,-115.3595666,"Imperial County, California, United States of America"
349,33.0305487,-115.3595666,"Imperial County, California, United States of America"
350,33.0305487,-115.3595666,"Imperial County, California, United States of America"
351,33.0305487,-115.3595666,"Imperial County, California, United States of America"
352,33.0305487,-115.3595666,"Imperial County, California, United States of America"
353,33.0305487,-115.3595666,"Imperial County, California, United States of America"
354,33.0305487,-115.3595666,"Imperial County, California, United States of America"
355,33.0305487,-115.3595666,"Imperial County, California, United States of America"
356,33.0305487,-115.3595666,"Imperial County, California, United States of America"
357,33.0305487,-115.3595666,"Imperial County, California, United States of America"
358,33.0305487,-115.3595666,"Imperial County, California, United States of America"
359,33.0305487,-115.3595666,"Imperial County, California, United States of America"
360,33.0305487,-115.3595666,"Imperial County, California, United States of America"
361,33.0305487,-115.3595666,"Imperial County, California, United States of America"
362,33.0305487,-115.3595666,"Imperial County, California, United States of America"
363,33.0305487,-115.3595666,"Imperial County, California, United States of America"
364,35.3145701,-118.7538222,"Kern County, California, United States of America"
365,35.3145701,-118.7538222,"Kern County, California, United States of America"
366,34.3155072,-118.2096814,"Los Angeles County, California, United States of America"
367,34.3155072,-118.2096814,"Los Angeles County, California, United States of America"
368,34.3155072,-118.2096814,"Los Angeles County, California, United States of America"
369,34.3155072,-118.2096814,"Los Angeles County, California, United States of America"
370,34.3155072,-118.2096814,"Los Angeles County, California, United States of America"
371,34.3155072,-118.2096814,"Los Angeles County, California, United States of America"
372,34.3155072,-118.2096814,"Los Angeles County, California, United States of America"
373,34.3155072,-118.2096814,"Los Angeles County, California, United States of America"
374,34.3155072,-118.2096814,"Los Angeles County, California, United States of America"
375,33.9400143,-118.1325688,"Downey, Los Angeles County, California, United States of America"
376,34.3155072,-118.2096814,"Los Angeles County, California, United States of America"
377,34.054935,-118.244476,"Los Angeles, Los Angeles County, California, United States of America"
378,34.054935,-118.244476,"Los Angeles, Los Angeles County, California, United States of America"
379,34.3155072,-118.2096814,"Los Angeles County, California, United States of America"
380,34.3155072,-118.2096814,"Los Angeles County, California, United States of America"
381,34.3155072,-118.2096814,"Los Angeles County, California, United States of America"
382,34.3155072,-118.2096814,"Los Angeles County, California, United States of America"
383,34.3155072,-118.2096814,"Los Angeles County, California, United States of America"
384,34.3155072,-118.2096814,"Los Angeles County, California, United States of America"
385,34.3155072,-118.2096814,"Los Angeles County, California, United States of America"
386,34.3155072,-118.2096814,"Los Angeles County, California, United States of America"
387,34.3155072,-118.2096814,"Los Angeles County, California, United States of America"
388,34.3155072,-118.2096814,"Los Angeles County, California, United States of America"
389,34.3155072,-118.2096814,"Los Angeles County, California, United States of America"
390,34.3155072,-118.2096814,"Los Angeles County, California, United States of America"
391,34.3155072,-118.2096814,"Los Angeles County, California, United States of America"
392,34.3155072,-118.2096814,"Los Angeles County, California, United States of America"
393,34.3155072,-118.2096814,"Los Angeles County, California, United States of America"
394,34.3155072,-118.2096814,"Los Angeles County, California, United States of America"
395,34.3155072,-118.2096814,"Los Angeles County, California, United States of America"
396,37.1716264,-119.7737991,"Madera County, California, United States of America"
397,37.1716264,-119.7737991,"Madera County, California, United States of America"
398,37.1716264,-119.7737991,"Madera County, California, United States of America"
399,37.9735346,-122.5310874,"San Rafael, Marin County, California, United States of America"
400,38.0409144,-122.6199638,"Marin County, California, United States of America"
401,38.0409144,-122.6199638,"Marin County, California, United States of America"
402,38.0409144,-122.6199638,"Marin County, California, United States of America"
403,38.0409144,-122.6199638,"Marin County, California, United States of America"
404,39.1501662,-123.2077861,"Ukiah, Mendocino County, California, United States of America"
405,37.1641544,-120.7678602,"Merced County, California, United States of America"
406,37.1641544,-120.7678602,"Merced County, California, United States of America"
407,37.1641544,-120.7678602,"Merced County, California, United States of America"
408,36.2231079,-121.3877428,"Monterey County, California, United States of America"
409,39.1012064,-120.7650606,"Placer County, California, United States of America"
410,39.1012064,-120.7650606,"Placer County, California, United States of America"
411,39.1012064,-120.7650606,"Placer County, California, United States of America"
412,39.1012064,-120.7650606,"Placer County, California, United States of America"
413,39.1012064,-120.7650606,"Placer County, California, United States of America"
414,39.1012064,-120.7650606,"Placer County, California, United States of America"
415,39.1012064,-120.7650606,"Placer County, California, United States of America"
416,39.1012064,-120.7650606,"Placer County, California, United States of America"
417,39.1012064,-120.7650606,"Placer County, California, United States of America"
418,39.1012064,-120.7650606,"Placer County, California, United States of America"
419,39.1012064,-120.7650606,"Placer County, California, United States of America"
420,39.1012064,-120.7650606,"Placer County, California, United States of America"
421,39.1012064,-120.7650606,"Placer County, California, United States of America"
422,39.1012064,-120.7650606,"Placer County, California, United States of America"
423,39.1012064,-120.7650606,"Placer County, California, United States of America"
424,39.1012064,-120.7650606,"Placer County, California, United States of America"
425,39.1012064,-120.7650606,"Placer County, California, United States of America"
426,39.1012064,-120.7650606,"Placer County, California, United States of America"
427,39.1012064,-120.7650606,"Placer County, California, United States of America"
428,39.1012064,-120.7650606,"Placer County, California, United States of America"
429,39.9430988,-120.8059521,"Plumas County, California, United States of America"
430,39.9430988,-120.8059521,"Plumas County, California, United States of America"
431,39.9430988,-120.8059521,"Plumas County, California, United States of America"
432,39.9430988,-120.8059521,"Plumas County, California, United States of America"
433,39.9430988,-120.8059521,"Plumas County, California, United States of America"
434,39.9430988,-120.8059521,"Plumas County, California, United States of America"
435,38.4732259,-121.2980707,"Sacramento County, California, United States of America"
436,38.4732259,-121.2980707,"Sacramento County, California, United States of America"
437,38.4732259,-121.2980707,"Sacramento County, California, United States of America"
438,38.4732259,-121.2980707,"Sacramento County, California, United States of America"
439,38.4732259,-121.2980707,"Sacramento County, California, United States of America"
440,38.4732259,-121.2980707,"Sacramento County, California, United States of America"
441,38.4732259,-121.2980707,"Sacramento County, California, United States of America"
442,38.4732259,-121.2980707,"Sacramento County, California, United States of America"
443,38.2110269,-121.5368976,"Georgiana Slough Fishing Access, Ryde, Sacramento County, California, 95690, United States of America"
444,38.2110269,-121.5368976,"Georgiana Slough Fishing Access, Ryde, Sacramento County, California, 95690, United States of America"
445,38.2110269,-121.5368976,"Georgiana Slough Fishing Access, Ryde, Sacramento County, California, 95690, United States of America"
446,38.2110269,-121.5368976,"Georgiana Slough Fishing Access, Ryde, Sacramento County, California, 95690, United States of America"
447,38.2110269,-121.5368976,"Georgiana Slough Fishing Access, Ryde, Sacramento County, California, 95690, United States of America"
448,38.2110269,-121.5368976,"Georgiana Slough Fishing Access, Ryde, Sacramento County, California, 95690, United States of America"
449,38.2110269,-121.5368976,"Georgiana Slough Fishing Access, Ryde, Sacramento County, California, 95690, United States of America"
450,38.2110269,-121.5368976,"Georgiana Slough Fishing Access, Ryde, Sacramento County, California, 95690, United States of America"
451,38.2110269,-121.5368976,"Georgiana Slough Fishing Access, Ryde, Sacramento County, California, 95690, United States of America"
452,38.2110269,-121.5368976,"Georgiana Slough Fishing Access, Ryde, Sacramento County, California, 95690, United States of America"
453,38.2110269,-121.5368976,"Georgiana Slough Fishing Access, Ryde, Sacramento County, California, 95690, United States of America"
454,38.2110269,-121.5368976,"Georgiana Slough Fishing Access, Ryde, Sacramento County, California, 95690, United States of America"
455,38.2110269,-121.5368976,"Georgiana Slough Fishing Access, Ryde, Sacramento County, California, 95690, United States of America"
456,38.2110269,-121.5368976,"Georgiana Slough Fishing Access, Ryde, Sacramento County, California, 95690, United States of America"
457,38.2110269,-121.5368976,"Georgiana Slough Fishing Access, Ryde, Sacramento County, California, 95690, United States of America"
458,38.2110269,-121.5368976,"Georgiana Slough Fishing Access, Ryde, Sacramento County, California, 95690, United States of America"
459,38.2110269,-121.5368976,"Georgiana Slough Fishing Access, Ryde, Sacramento County, California, 95690, United States of America"
460,38.2110269,-121.5368976,"Georgiana Slough Fishing Access, Ryde, Sacramento County, California, 95690, United States of America"
461,38.2110269,-121.5368976,"Georgiana Slough Fishing Access, Ryde, Sacramento County, California, 95690, United States of America"
462,38.2110269,-121.5368976,"Georgiana Slough Fishing Access, Ryde, Sacramento County, California, 95690, United States of America"
463,38.4732259,-121.2980707,"Sacramento County, California, United States of America"
464,38.4732259,-121.2980707,"Sacramento County, California, United States of America"
465,38.4732259,-121.2980707,"Sacramento County, California, United States of America"
466,38.4732259,-121.2980707,"Sacramento County, California, United States of America"
467,38.4732259,-121.2980707,"Sacramento County, California, United States of America"
468,38.4732259,-121.2980707,"Sacramento County, California, United States of America"
469,38.4732259,-121.2980707,"Sacramento County, California, United States of America"
470,34.047338,-117.238672449913,"Loma Linda Post Office, 25925, Barton Road, Loma Linda, San Bernardino County, California, 92354, United States of America"
471,34.047338,-117.238672449913,"Loma Linda Post Office, 25925, Barton Road, Loma Linda, San Bernardino County, California, 92354, United States of America"
472,37.9545612,-121.342491074837,"United States Naval Reserve Training Center, 3100, Monte Diablo Avenue, Stockton, San Joaquin County, California, CA 95203, United States of America"
473,38.005555,-121.327664,"Douglas Road, Stockton, San Joaquin County, California, 95207-4115, United States of America"
474,38.005555,-121.327664,"Douglas Road, Stockton, San Joaquin County, California, 95207-4115, United States of America"
475,38.005555,-121.327664,"Douglas Road, Stockton, San Joaquin County, California, 95207-4115, United States of America"
476,38.005555,-121.327664,"Douglas Road, Stockton, San Joaquin County, California, 95207-4115, United States of America"
477,38.005555,-121.327664,"Douglas Road, Stockton, San Joaquin County, California, 95207-4115, United States of America"
478,38.005555,-121.327664,"Douglas Road, Stockton, San Joaquin County, California, 95207-4115, United States of America"
479,37.9545612,-121.342491074837,"United States Naval Reserve Training Center, 3100, Monte Diablo Avenue, Stockton, San Joaquin County, California, CA 95203, United States of America"
480,37.9545612,-121.342491074837,"United States Naval Reserve Training Center, 3100, Monte Diablo Avenue, Stockton, San Joaquin County, California, CA 95203, United States of America"
481,37.9545612,-121.342491074837,"United States Naval Reserve Training Center, 3100, Monte Diablo Avenue, Stockton, San Joaquin County, California, CA 95203, United States of America"
482,37.9545612,-121.342491074837,"United States Naval Reserve Training Center, 3100, Monte Diablo Avenue, Stockton, San Joaquin County, California, CA 95203, United States of America"
483,37.9545612,-121.342491074837,"United States Naval Reserve Training Center, 3100, Monte Diablo Avenue, Stockton, San Joaquin County, California, CA 95203, United States of America"
484,37.9545612,-121.342491074837,"United States Naval Reserve Training Center, 3100, Monte Diablo Avenue, Stockton, San Joaquin County, California, CA 95203, United States of America"
485,37.9545612,-121.342491074837,"United States Naval Reserve Training Center, 3100, Monte Diablo Avenue, Stockton, San Joaquin County, California, CA 95203, United States of America"
486,37.9545612,-121.342491074837,"United States Naval Reserve Training Center, 3100, Monte Diablo Avenue, Stockton, San Joaquin County, California, CA 95203, United States of America"
487,37.9545612,-121.342491074837,"United States Naval Reserve Training Center, 3100, Monte Diablo Avenue, Stockton, San Joaquin County, California, CA 95203, United States of America"
488,37.9545612,-121.342491074837,"United States Naval Reserve Training Center, 3100, Monte Diablo Avenue, Stockton, San Joaquin County, California, CA 95203, United States of America"
489,37.9545612,-121.342491074837,"United States Naval Reserve Training Center, 3100, Monte Diablo Avenue, Stockton, San Joaquin County, California, CA 95203, United States of America"
490,37.9545612,-121.342491074837,"United States Naval Reserve Training Center, 3100, Monte Diablo Avenue, Stockton, San Joaquin County, California, CA 95203, United States of America"
491,37.9545612,-121.342491074837,"United States Naval Reserve Training Center, 3100, Monte Diablo Avenue, Stockton, San Joaquin County, California, CA 95203, United States of America"
492,37.9545612,-121.342491074837,"United States Naval Reserve Training Center, 3100, Monte Diablo Avenue, Stockton, San Joaquin County, California, CA 95203, United States of America"
493,37.9545612,-121.342491074837,"United States Naval Reserve Training Center, 3100, Monte Diablo Avenue, Stockton, San Joaquin County, California, CA 95203, United States of America"
494,37.9545612,-121.342491074837,"United States Naval Reserve Training Center, 3100, Monte Diablo Avenue, Stockton, San Joaquin County, California, CA 95203, United States of America"
495,37.9545612,-121.342491074837,"United States Naval Reserve Training Center, 3100, Monte Diablo Avenue, Stockton, San Joaquin County, California, CA 95203, United States of America"
496,37.9545612,-121.342491074837,"United States Naval Reserve Training Center, 3100, Monte Diablo Avenue, Stockton, San Joaquin County, California, CA 95203, United States of America"
497,37.9545612,-121.342491074837,"United States Naval Reserve Training Center, 3100, Monte Diablo Avenue, Stockton, San Joaquin County, California, CA 95203, United States of America"
498,37.9545612,-121.342491074837,"United States Naval Reserve Training Center, 3100, Monte Diablo Avenue, Stockton, San Joaquin County, California, CA 95203, United States of America"
499,37.943747,-121.278523355331,"Liberty Square, Stockton, San Joaquin County, California, United States of America"
500,37.9545612,-121.342491074837,"United States Naval Reserve Training Center, 3100, Monte Diablo Avenue, Stockton, San Joaquin County, California, CA 95203, United States of America"
501,37.9545612,-121.342491074837,"United States Naval Reserve Training Center, 3100, Monte Diablo Avenue, Stockton, San Joaquin County, California, CA 95203, United States of America"
502,37.9545612,-121.342491074837,"United States Naval Reserve Training Center, 3100, Monte Diablo Avenue, Stockton, San Joaquin County, California, CA 95203, United States of America"
503,37.9545612,-121.342491074837,"United States Naval Reserve Training Center, 3100, Monte Diablo Avenue, Stockton, San Joaquin County, California, CA 95203, United States of America"
504,37.9545612,-121.342491074837,"United States Naval Reserve Training Center, 3100, Monte Diablo Avenue, Stockton, San Joaquin County, California, CA 95203, United States of America"
505,37.9545612,-121.342491074837,"United States Naval Reserve Training Center, 3100, Monte Diablo Avenue, Stockton, San Joaquin County, California, CA 95203, United States of America"
506,37.9545612,-121.342491074837,"United States Naval Reserve Training Center, 3100, Monte Diablo Avenue, Stockton, San Joaquin County, California, CA 95203, United States of America"
507,37.9545612,-121.342491074837,"United States Naval Reserve Training Center, 3100, Monte Diablo Avenue, Stockton, San Joaquin County, California, CA 95203, United States of America"
508,37.9545612,-121.342491074837,"United States Naval Reserve Training Center, 3100, Monte Diablo Avenue, Stockton, San Joaquin County, California, CA 95203, United States of America"
509,37.9545612,-121.342491074837,"United States Naval Reserve Training Center, 3100, Monte Diablo Avenue, Stockton, San Joaquin County, California, CA 95203, United States of America"
510,37.9545612,-121.342491074837,"United States Naval Reserve Training Center, 3100, Monte Diablo Avenue, Stockton, San Joaquin County, California, CA 95203, United States of America"
511,37.9545612,-121.342491074837,"United States Naval Reserve Training Center, 3100, Monte Diablo Avenue, Stockton, San Joaquin County, California, CA 95203, United States of America"
512,37.9545612,-121.342491074837,"United States Naval Reserve Training Center, 3100, Monte Diablo Avenue, Stockton, San Joaquin County, California, CA 95203, United States of America"
513,37.9545612,-121.342491074837,"United States Naval Reserve Training Center, 3100, Monte Diablo Avenue, Stockton, San Joaquin County, California, CA 95203, United States of America"
514,37.9545612,-121.342491074837,"United States Naval Reserve Training Center, 3100, Monte Diablo Avenue, Stockton, San Joaquin County, California, CA 95203, United States of America"
515,37.9545612,-121.342491074837,"United States Naval Reserve Training Center, 3100, Monte Diablo Avenue, Stockton, San Joaquin County, California, CA 95203, United States of America"
516,37.9545612,-121.342491074837,"United States Naval Reserve Training Center, 3100, Monte Diablo Avenue, Stockton, San Joaquin County, California, CA 95203, United States of America"
517,37.9545612,-121.342491074837,"United States Naval Reserve Training Center, 3100, Monte Diablo Avenue, Stockton, San Joaquin County, California, CA 95203, United States of America"
518,37.9545612,-121.342491074837,"United States Naval Reserve Training Center, 3100, Monte Diablo Avenue, Stockton, San Joaquin County, California, CA 95203, United States of America"
519,37.9545612,-121.342491074837,"United States Naval Reserve Training Center, 3100, Monte Diablo Avenue, Stockton, San Joaquin County, California, CA 95203, United States of America"
520,37.9545612,-121.342491074837,"United States Naval Reserve Training Center, 3100, Monte Diablo Avenue, Stockton, San Joaquin County, California, CA 95203, United States of America"
521,37.9545612,-121.342491074837,"United States Naval Reserve Training Center, 3100, Monte Diablo Avenue, Stockton, San Joaquin County, California, CA 95203, United States of America"
522,37.9545612,-121.342491074837,"United States Naval Reserve Training Center, 3100, Monte Diablo Avenue, Stockton, San Joaquin County, California, CA 95203, United States of America"
523,37.9545612,-121.342491074837,"United States Naval Reserve Training Center, 3100, Monte Diablo Avenue, Stockton, San Joaquin County, California, CA 95203, United States of America"
524,37.9545612,-121.342491074837,"United States Naval Reserve Training Center, 3100, Monte Diablo Avenue, Stockton, San Joaquin County, California, CA 95203, United States of America"
525,37.9545612,-121.342491074837,"United States Naval Reserve Training Center, 3100, Monte Diablo Avenue, Stockton, San Joaquin County, California, CA 95203, United States of America"
526,37.9545612,-121.342491074837,"United States Naval Reserve Training Center, 3100, Monte Diablo Avenue, Stockton, San Joaquin County, California, CA 95203, United States of America"
527,37.9545612,-121.342491074837,"United States Naval Reserve Training Center, 3100, Monte Diablo Avenue, Stockton, San Joaquin County, California, CA 95203, United States of America"
528,37.9545612,-121.342491074837,"United States Naval Reserve Training Center, 3100, Monte Diablo Avenue, Stockton, San Joaquin County, California, CA 95203, United States of America"
529,37.9545612,-121.342491074837,"United States Naval Reserve Training Center, 3100, Monte Diablo Avenue, Stockton, San Joaquin County, California, CA 95203, United States of America"
530,37.9545612,-121.342491074837,"United States Naval Reserve Training Center, 3100, Monte Diablo Avenue, Stockton, San Joaquin County, California, CA 95203, United States of America"
531,37.9545612,-121.342491074837,"United States Naval Reserve Training Center, 3100, Monte Diablo Avenue, Stockton, San Joaquin County, California, CA 95203, United States of America"
532,37.8457599,-121.4585588,"Union Island, San Joaquin County, California, United States of America"
533,37.8457599,-121.4585588,"Union Island, San Joaquin County, California, United States of America"
534,37.8457599,-121.4585588,"Union Island, San Joaquin County, California, United States of America"
535,37.8457599,-121.4585588,"Union Island, San Joaquin County, California, United States of America"
536,37.8457599,-121.4585588,"Union Island, San Joaquin County, California, United States of America"
537,37.8457599,-121.4585588,"Union Island, San Joaquin County, California, United States of America"
538,37.8457599,-121.4585588,"Union Island, San Joaquin County, California, United States of America"
539,37.8457599,-121.4585588,"Union Island, San Joaquin County, California, United States of America"
540,37.8457599,-121.4585588,"Union Island, San Joaquin County, California, United States of America"
541,37.8457599,-121.4585588,"Union Island, San Joaquin County, California, United States of America"
542,37.8457599,-121.4585588,"Union Island, San Joaquin County, California, United States of America"
543,37.8457599,-121.4585588,"Union Island, San Joaquin County, California, United States of America"
544,37.8457599,-121.4585588,"Union Island, San Joaquin County, California, United States of America"
545,37.8457599,-121.4585588,"Union Island, San Joaquin County, California, United States of America"
546,37.8457599,-121.4585588,"Union Island, San Joaquin County, California, United States of America"
547,37.8457599,-121.4585588,"Union Island, San Joaquin County, California, United States of America"
548,37.8457599,-121.4585588,"Union Island, San Joaquin County, California, United States of America"
549,37.8457599,-121.4585588,"Union Island, San Joaquin County, California, United States of America"
550,37.8457599,-121.4585588,"Union Island, San Joaquin County, California, United States of America"
551,37.8457599,-121.4585588,"Union Island, San Joaquin County, California, United States of America"
552,37.8457599,-121.4585588,"Union Island, San Joaquin County, California, United States of America"
553,37.8457599,-121.4585588,"Union Island, San Joaquin County, California, United States of America"
554,37.8457599,-121.4585588,"Union Island, San Joaquin County, California, United States of America"
555,37.8457599,-121.4585588,"Union Island, San Joaquin County, California, United States of America"
556,37.8457599,-121.4585588,"Union Island, San Joaquin County, California, United States of America"
557,37.8457599,-121.4585588,"Union Island, San Joaquin County, California, United States of America"
558,37.9545612,-121.342491074837,"United States Naval Reserve Training Center, 3100, Monte Diablo Avenue, Stockton, San Joaquin County, California, CA 95203, United States of America"
559,37.9545612,-121.342491074837,"United States Naval Reserve Training Center, 3100, Monte Diablo Avenue, Stockton, San Joaquin County, California, CA 95203, United States of America"
560,37.9545612,-121.342491074837,"United States Naval Reserve Training Center, 3100, Monte Diablo Avenue, Stockton, San Joaquin County, California, CA 95203, United States of America"
561,37.9545612,-121.342491074837,"United States Naval Reserve Training Center, 3100, Monte Diablo Avenue, Stockton, San Joaquin County, California, CA 95203, United States of America"
562,37.9545612,-121.342491074837,"United States Naval Reserve Training Center, 3100, Monte Diablo Avenue, Stockton, San Joaquin County, California, CA 95203, United States of America"
563,37.9545612,-121.342491074837,"United States Naval Reserve Training Center, 3100, Monte Diablo Avenue, Stockton, San Joaquin County, California, CA 95203, United States of America"
564,37.9545612,-121.342491074837,"United States Naval Reserve Training Center, 3100, Monte Diablo Avenue, Stockton, San Joaquin County, California, CA 95203, United States of America"
565,37.9545612,-121.342491074837,"United States Naval Reserve Training Center, 3100, Monte Diablo Avenue, Stockton, San Joaquin County, California, CA 95203, United States of America"
566,37.9545612,-121.342491074837,"United States Naval Reserve Training Center, 3100, Monte Diablo Avenue, Stockton, San Joaquin County, California, CA 95203, United States of America"
567,37.9545612,-121.342491074837,"United States Naval Reserve Training Center, 3100, Monte Diablo Avenue, Stockton, San Joaquin County, California, CA 95203, United States of America"
568,37.9545612,-121.342491074837,"United States Naval Reserve Training Center, 3100, Monte Diablo Avenue, Stockton, San Joaquin County, California, CA 95203, United States of America"
569,37.9545612,-121.342491074837,"United States Naval Reserve Training Center, 3100, Monte Diablo Avenue, Stockton, San Joaquin County, California, CA 95203, United States of America"
570,37.2333253,-121.6846349,"Santa Clara County, California, United States of America"
571,37.050096,-121.9905908,"Santa Cruz County, California, United States of America"
572,38.2218938,-121.9163555,"Solano County, California, United States of America"
573,37.6390972,-120.9968782,"Modesto, Stanislaus County, California, United States of America"
574,37.6390972,-120.9968782,"Modesto, Stanislaus County, California, United States of America"
575,37.5500871,-121.0501425,"Stanislaus County, California, United States of America"
576,37.5500871,-121.0501425,"Stanislaus County, California, United States of America"
577,37.5500871,-121.0501425,"Stanislaus County, California, United States of America"
578,39.2994272,-121.9131232,"Butte Creek, Sutter County, California, United States of America"
579,39.2994272,-121.9131232,"Butte Creek, Sutter County, California, United States of America"
580,39.2994272,-121.9131232,"Butte Creek, Sutter County, California, United States of America"
581,39.2994272,-121.9131232,"Butte Creek, Sutter County, California, United States of America"
582,39.2994272,-121.9131232,"Butte Creek, Sutter County, California, United States of America"
583,39.2994272,-121.9131232,"Butte Creek, Sutter County, California, United States of America"
584,39.2994272,-121.9131232,"Butte Creek, Sutter County, California, United States of America"
585,39.2994272,-121.9131232,"Butte Creek, Sutter County, California, United States of America"
586,39.2994272,-121.9131232,"Butte Creek, Sutter County, California, United States of America"
587,39.2994272,-121.9131232,"Butte Creek, Sutter County, California, United States of America"
588,39.2994272,-121.9131232,"Butte Creek, Sutter County, California, United States of America"
589,39.2994272,-121.9131232,"Butte Creek, Sutter County, California, United States of America"
590,39.2994272,-121.9131232,"Butte Creek, Sutter County, California, United States of America"
591,39.2994272,-121.9131232,"Butte Creek, Sutter County, California, United States of America"
592,39.2994272,-121.9131232,"Butte Creek, Sutter County, California, United States of America"
593,39.2994272,-121.9131232,"Butte Creek, Sutter County, California, United States of America"
594,39.2994272,-121.9131232,"Butte Creek, Sutter County, California, United States of America"
595,39.2994272,-121.9131232,"Butte Creek, Sutter County, California, United States of America"
596,39.2994272,-121.9131232,"Butte Creek, Sutter County, California, United States of America"
597,39.2994272,-121.9131232,"Butte Creek, Sutter County, California, United States of America"
598,39.2994272,-121.9131232,"Butte Creek, Sutter County, California, United States of America"
599,39.2994272,-121.9131232,"Butte Creek, Sutter County, California, United States of America"
600,39.2994272,-121.9131232,"Butte Creek, Sutter County, California, United States of America"
601,39.2994272,-121.9131232,"Butte Creek, Sutter County, California, United States of America"
602,39.2994272,-121.9131232,"Butte Creek, Sutter County, California, United States of America"
603,39.2994272,-121.9131232,"Butte Creek, Sutter County, California, United States of America"
604,39.2994272,-121.9131232,"Butte Creek, Sutter County, California, United States of America"
605,39.2994272,-121.9131232,"Butte Creek, Sutter County, California, United States of America"
606,39.2994272,-121.9131232,"Butte Creek, Sutter County, California, United States of America"
607,39.2994272,-121.9131232,"Butte Creek, Sutter County, California, United States of America"
608,39.2994272,-121.9131232,"Butte Creek, Sutter County, California, United States of America"
609,38.9509675,-121.697088,"Sutter County, California, United States of America"
610,38.9509675,-121.697088,"Sutter County, California, United States of America"
611,38.9509675,-121.697088,"Sutter County, California, United States of America"
612,38.9509675,-121.697088,"Sutter County, California, United States of America"
613,38.9509675,-121.697088,"Sutter County, California, United States of America"
614,38.9509675,-121.697088,"Sutter County, California, United States of America"
615,38.9509675,-121.697088,"Sutter County, California, United States of America"
616,38.9509675,-121.697088,"Sutter County, California, United States of America"
617,38.9509675,-121.697088,"Sutter County, California, United States of America"
618,38.9509675,-121.697088,"Sutter County, California, United States of America"
619,38.9509675,-121.697088,"Sutter County, California, United States of America"
620,38.9509675,-121.697088,"Sutter County, California, United States of America"
621,38.9509675,-121.697088,"Sutter County, California, United States of America"
622,38.9509675,-121.697088,"Sutter County, California, United States of America"
623,38.9509675,-121.697088,"Sutter County, California, United States of America"
624,38.9509675,-121.697088,"Sutter County, California, United States of America"
625,38.9509675,-121.697088,"Sutter County, California, United States of America"
626,38.9509675,-121.697088,"Sutter County, California, United States of America"
627,38.9509675,-121.697088,"Sutter County, California, United States of America"
628,38.9509675,-121.697088,"Sutter County, California, United States of America"
629,38.9509675,-121.697088,"Sutter County, California, United States of America"
630,38.9509675,-121.697088,"Sutter County, California, United States of America"
631,38.9509675,-121.697088,"Sutter County, California, United States of America"
632,38.9509675,-121.697088,"Sutter County, California, United States of America"
633,38.9509675,-121.697088,"Sutter County, California, United States of America"
634,38.9509675,-121.697088,"Sutter County, California, United States of America"
635,38.9509675,-121.697088,"Sutter County, California, United States of America"
636,38.9509675,-121.697088,"Sutter County, California, United States of America"
637,38.9509675,-121.697088,"Sutter County, California, United States of America"
638,38.9509675,-121.697088,"Sutter County, California, United States of America"
639,38.9509675,-121.697088,"Sutter County, California, United States of America"
640,39.1404477,-121.6169108,"Yuba City, Sutter County, California, United States of America"
641,39.1404477,-121.6169108,"Yuba City, Sutter County, California, United States of America"
642,39.1404477,-121.6169108,"Yuba City, Sutter County, California, United States of America"
643,39.1404477,-121.6169108,"Yuba City, Sutter County, California, United States of America"
644,39.1404477,-121.6169108,"Yuba City, Sutter County, California, United States of America"
645,39.1404477,-121.6169108,"Yuba City, Sutter County, California, United States of America"
646,39.1404477,-121.6169108,"Yuba City, Sutter County, California, United States of America"
647,39.1404477,-121.6169108,"Yuba City, Sutter County, California, United States of America"
648,39.1404477,-121.6169108,"Yuba City, Sutter County, California, United States of America"
649,39.1404477,-121.6169108,"Yuba City, Sutter County, California, United States of America"
650,39.1404477,-121.6169108,"Yuba City, Sutter County, California, United States of America"
651,39.1404477,-121.6169108,"Yuba City, Sutter County, California, United States of America"
652,39.1404477,-121.6169108,"Yuba City, Sutter County, California, United States of America"
653,39.1404477,-121.6169108,"Yuba City, Sutter County, California, United States of America"
654,39.1404477,-121.6169108,"Yuba City, Sutter County, California, United States of America"
655,39.1404477,-121.6169108,"Yuba City, Sutter County, California, United States of America"
656,39.1404477,-121.6169108,"Yuba City, Sutter County, California, United States of America"
657,39.1404477,-121.6169108,"Yuba City, Sutter County, California, United States of America"
658,39.1404477,-121.6169108,"Yuba City, Sutter County, California, United States of America"
659,39.1404477,-121.6169108,"Yuba City, Sutter County, California, United States of America"
660,39.1404477,-121.6169108,"Yuba City, Sutter County, California, United States of America"
661,39.1404477,-121.6169108,"Yuba City, Sutter County, California, United States of America"
662,39.1404477,-121.6169108,"Yuba City, Sutter County, California, United States of America"
663,39.1404477,-121.6169108,"Yuba City, Sutter County, California, United States of America"
664,39.1404477,-121.6169108,"Yuba City, Sutter County, California, United States of America"
665,39.1404477,-121.6169108,"Yuba City, Sutter County, California, United States of America"
666,39.1404477,-121.6169108,"Yuba City, Sutter County, California, United States of America"
667,39.1404477,-121.6169108,"Yuba City, Sutter County, California, United States of America"
668,39.1404477,-121.6169108,"Yuba City, Sutter County, California, United States of America"
669,39.1404477,-121.6169108,"Yuba City, Sutter County, California, United States of America"
670,39.1404477,-121.6169108,"Yuba City, Sutter County, California, United States of America"
671,39.1404477,-121.6169108,"Yuba City, Sutter County, California, United States of America"
672,39.1404477,-121.6169108,"Yuba City, Sutter County, California, United States of America"
673,39.1404477,-121.6169108,"Yuba City, Sutter County, California, United States of America"
674,39.1404477,-121.6169108,"Yuba City, Sutter County, California, United States of America"
675,39.1404477,-121.6169108,"Yuba City, Sutter County, California, United States of America"
676,39.1404477,-121.6169108,"Yuba City, Sutter County, California, United States of America"
677,39.1404477,-121.6169108,"Yuba City, Sutter County, California, United States of America"
678,39.1404477,-121.6169108,"Yuba City, Sutter County, California, United States of America"
679,39.1404477,-121.6169108,"Yuba City, Sutter County, California, United States of America"
680,39.1404477,-121.6169108,"Yuba City, Sutter County, California, United States of America"
681,39.1404477,-121.6169108,"Yuba City, Sutter County, California, United States of America"
682,39.1404477,-121.6169108,"Yuba City, Sutter County, California, United States of America"
683,39.1404477,-121.6169108,"Yuba City, Sutter County, California, United States of America"
684,39.1404477,-121.6169108,"Yuba City, Sutter County, California, United States of America"
685,39.1404477,-121.6169108,"Yuba City, Sutter County, California, United States of America"
686,39.1404477,-121.6169108,"Yuba City, Sutter County, California, United States of America"
687,39.1404477,-121.6169108,"Yuba City, Sutter County, California, United States of America"
688,39.1404477,-121.6169108,"Yuba City, Sutter County, California, United States of America"
689,39.1404477,-121.6169108,"Yuba City, Sutter County, California, United States of America"
690,39.1404477,-121.6169108,"Yuba City, Sutter County, California, United States of America"
691,39.1404477,-121.6169108,"Yuba City, Sutter County, California, United States of America"
692,39.1404477,-121.6169108,"Yuba City, Sutter County, California, United States of America"
693,39.1404477,-121.6169108,"Yuba City, Sutter County, California, United States of America"
694,39.1404477,-121.6169108,"Yuba City, Sutter County, California, United States of America"
695,39.1404477,-121.6169108,"Yuba City, Sutter County, California, United States of America"
696,39.1404477,-121.6169108,"Yuba City, Sutter County, California, United States of America"
697,39.1404477,-121.6169108,"Yuba City, Sutter County, California, United States of America"
698,39.1404477,-121.6169108,"Yuba City, Sutter County, California, United States of America"
699,39.1404477,-121.6169108,"Yuba City, Sutter County, California, United States of America"
700,38.9509675,-121.697088,"Sutter County, California, United States of America"
701,38.9509675,-121.697088,"Sutter County, California, United States of America"
702,38.9509675,-121.697088,"Sutter County, California, United States of America"
703,38.9509675,-121.697088,"Sutter County, California, United States of America"
704,38.9509675,-121.697088,"Sutter County, California, United States of America"
705,38.9509675,-121.697088,"Sutter County, California, United States of America"
706,38.9509675,-121.697088,"Sutter County, California, United States of America"
707,38.9509675,-121.697088,"Sutter County, California, United States of America"
708,38.9509675,-121.697088,"Sutter County, California, United States of America"
709,38.9509675,-121.697088,"Sutter County, California, United States of America"
710,38.9509675,-121.697088,"Sutter County, California, United States of America"
711,38.9509675,-121.697088,"Sutter County, California, United States of America"
712,38.9509675,-121.697088,"Sutter County, California, United States of America"
713,38.9509675,-121.697088,"Sutter County, California, United States of America"
714,38.9509675,-121.697088,"Sutter County, California, United States of America"
715,38.9509675,-121.697088,"Sutter County, California, United States of America"
716,38.9509675,-121.697088,"Sutter County, California, United States of America"
717,38.9509675,-121.697088,"Sutter County, California, United States of America"
718,38.9509675,-121.697088,"Sutter County, California, United States of America"
719,38.9509675,-121.697088,"Sutter County, California, United States of America"
720,38.9509675,-121.697088,"Sutter County, California, United States of America"
721,38.9509675,-121.697088,"Sutter County, California, United States of America"
722,38.9509675,-121.697088,"Sutter County, California, United States of America"
723,38.9509675,-121.697088,"Sutter County, California, United States of America"
724,38.9509675,-121.697088,"Sutter County, California, United States of America"
725,38.9509675,-121.697088,"Sutter County, California, United States of America"
726,38.9509675,-121.697088,"Sutter County, California, United States of America"
727,38.9509675,-121.697088,"Sutter County, California, United States of America"
728,38.9509675,-121.697088,"Sutter County, California, United States of America"
729,38.9509675,-121.697088,"Sutter County, California, United States of America"
730,38.9509675,-121.697088,"Sutter County, California, United States of America"
731,38.9509675,-121.697088,"Sutter County, California, United States of America"
732,38.9509675,-121.697088,"Sutter County, California, United States of America"
733,38.9509675,-121.697088,"Sutter County, California, United States of America"
734,38.9509675,-121.697088,"Sutter County, California, United States of America"
735,38.9509675,-121.697088,"Sutter County, California, United States of America"
736,38.9509675,-121.697088,"Sutter County, California, United States of America"
737,38.9509675,-121.697088,"Sutter County, California, United States of America"
738,38.9509675,-121.697088,"Sutter County, California, United States of America"
739,38.9509675,-121.697088,"Sutter County, California, United States of America"
740,38.9509675,-121.697088,"Sutter County, California, United States of America"
741,38.9509675,-121.697088,"Sutter County, California, United States of America"
742,38.9509675,-121.697088,"Sutter County, California, United States of America"
743,38.9509675,-121.697088,"Sutter County, California, United States of America"
744,38.9509675,-121.697088,"Sutter County, California, United States of America"
745,38.9509675,-121.697088,"Sutter County, California, United States of America"
746,38.9509675,-121.697088,"Sutter County, California, United States of America"
747,38.9509675,-121.697088,"Sutter County, California, United States of America"
748,38.9509675,-121.697088,"Sutter County, California, United States of America"
749,38.9509675,-121.697088,"Sutter County, California, United States of America"
750,38.9509675,-121.697088,"Sutter County, California, United States of America"
751,38.9509675,-121.697088,"Sutter County, California, United States of America"
752,38.9509675,-121.697088,"Sutter County, California, United States of America"
753,38.9509675,-121.697088,"Sutter County, California, United States of America"
754,38.9509675,-121.697088,"Sutter County, California, United States of America"
755,38.9509675,-121.697088,"Sutter County, California, United States of America"
756,38.9509675,-121.697088,"Sutter County, California, United States of America"
757,36.2516475,-118.852583,"Tulare County, California, United States of America"
758,36.2516475,-118.852583,"Tulare County, California, United States of America"
759,36.5449499,-119.2873384,"Orosi, Tulare County, California, 93647, United States of America"
760,36.2516475,-118.852583,"Tulare County, California, United States of America"
761,36.2516475,-118.852583,"Tulare County, California, United States of America"
762,36.2516475,-118.852583,"Tulare County, California, United States of America"
763,36.2516475,-118.852583,"Tulare County, California, United States of America"
764,36.2516475,-118.852583,"Tulare County, California, United States of America"
765,36.2516475,-118.852583,"Tulare County, California, United States of America"
766,36.2516475,-118.852583,"Tulare County, California, United States of America"
767,36.2516475,-118.852583,"Tulare County, California, United States of America"
768,36.2516475,-118.852583,"Tulare County, California, United States of America"
769,34.4458248,-119.0779359,"Ventura County, California, United States of America"
770,34.4458248,-119.0779359,"Ventura County, California, United States of America"
771,34.4458248,-119.0779359,"Ventura County, California, United States of America"
772,34.4458248,-119.0779359,"Ventura County, California, United States of America"
773,34.4458248,-119.0779359,"Ventura County, California, United States of America"
774,34.4458248,-119.0779359,"Ventura County, California, United States of America"
775,34.4458248,-119.0779359,"Ventura County, California, United States of America"
776,34.4458248,-119.0779359,"Ventura County, California, United States of America"
777,34.4458248,-119.0779359,"Ventura County, California, United States of America"
778,34.4458248,-119.0779359,"Ventura County, California, United States of America"
779,34.1976308,-119.1803818,"Oxnard, Ventura County, California, United States of America"
780,34.4458248,-119.0779359,"Ventura County, California, United States of America"
781,38.6786109,-121.7733285,"Woodland, Yolo County, California, 95695, United States of America"
782,39.2839755,-121.3556818,"Yuba County, California, United States of America"
783,39.2839755,-121.3556818,"Yuba County, California, United States of America"
784,39.2839755,-121.3556818,"Yuba County, California, United States of America"
785,39.2839755,-121.3556818,"Yuba County, California, United States of America"
786,39.2839755,-121.3556818,"Yuba County, California, United States of America"
787,39.2839755,-121.3556818,"Yuba County, California, United States of America"
788,39.2839755,-121.3556818,"Yuba County, California, United States of America"
789,39.2839755,-121.3556818,"Yuba County, California, United States of America"
790,39.2839755,-121.3556818,"Yuba County, California, United States of America"
791,39.2839755,-121.3556818,"Yuba County, California, United States of America"
792,39.2839755,-121.3556818,"Yuba County, California, United States of America"
793,39.2839755,-121.3556818,"Yuba County, California, United States of America"
794,39.2839755,-121.3556818,"Yuba County, California, United States of America"
795,39.2839755,-121.3556818,"Yuba County, California, United States of America"
796,39.2839755,-121.3556818,"Yuba County, California, United States of America"
797,39.2839755,-121.3556818,"Yuba County, California, United States of America"
798,39.2839755,-121.3556818,"Yuba County, California, United States of America"
799,39.8714085,-104.2701374,"Adams County, Colorado, United States of America"
800,39.7348381,-104.9653271,"Denver County, Colorado, United States of America"
801,39.7348381,-104.9653271,"Denver County, Colorado, United States of America"
802,39.7348381,-104.9653271,"Denver County, Colorado, United States of America"
803,39.7348381,-104.9653271,"Denver County, Colorado, United States of America"
804,41.1670412,-73.2048348,"Bridgeport, Fairfield County, Connecticut, United States of America"
805,41.53363245,-73.0715382228239,"Country Club Of Waterbury, 1, Oronoke Road, Waterbury, New Haven County, Connecticut, 06708, United States of America"
806,41.53363245,-73.0715382228239,"Country Club Of Waterbury, 1, Oronoke Road, Waterbury, New Haven County, Connecticut, 06708, United States of America"
807,34.0580391,-84.2961283,"Fulton County, Georgia, United States of America"
808,42.2219306,-113.5777087,"Cassia County, Idaho, United States of America"
809,42.2219306,-113.5777087,"Cassia County, Idaho, United States of America"
810,40.1346857,-88.1975558,"Champaign County, Illinois, United States of America"
811,40.1346857,-88.1975558,"Champaign County, Illinois, United States of America"
812,40.1346857,-88.1975558,"Champaign County, Illinois, United States of America"
813,41.8197385,-87.756525,"Cook County, Illinois, United States of America"
814,41.8197385,-87.756525,"Cook County, Illinois, United States of America"
815,41.8197385,-87.756525,"Cook County, Illinois, United States of America"
816,41.8197385,-87.756525,"Cook County, Illinois, United States of America"
817,41.8197385,-87.756525,"Cook County, Illinois, United States of America"
818,41.8197385,-87.756525,"Cook County, Illinois, United States of America"
819,41.8197385,-87.756525,"Cook County, Illinois, United States of America"
820,41.8197385,-87.756525,"Cook County, Illinois, United States of America"
821,41.8197385,-87.756525,"Cook County, Illinois, United States of America"
822,41.1253903,-87.848682,"Kankakee County, Illinois, United States of America"
823,38.0472916,-89.8107962,"Randolph County, Illinois, United States of America"
824,38.1787175,-85.664528,"Jefferson County, Kentucky, United States of America"
825,43.155812,-82.934061,"Elk Creek, Lynn Township, Sanilac County, Michigan, United States of America"
826,43.155812,-82.934061,"Elk Creek, Lynn Township, Sanilac County, Michigan, United States of America"
827,43.155812,-82.934061,"Elk Creek, Lynn Township, Sanilac County, Michigan, United States of America"
828,43.155812,-82.934061,"Elk Creek, Lynn Township, Sanilac County, Michigan, United States of America"
829,43.155812,-82.934061,"Elk Creek, Lynn Township, Sanilac County, Michigan, United States of America"
830,42.4275798,-83.6098184,"York, Salem Township, Washtenaw County, Michigan, 48175, United States of America"
831,42.2682408,-83.2844172,"Wayne County, Michigan, United States of America"
832,42.2682408,-83.2844172,"Wayne County, Michigan, United States of America"
833,42.2682408,-83.2844172,"Wayne County, Michigan, United States of America"
834,42.2682408,-83.2844172,"Wayne County, Michigan, United States of America"
835,42.2682408,-83.2844172,"Wayne County, Michigan, United States of America"
836,42.2682408,-83.2844172,"Wayne County, Michigan, United States of America"
837,42.2682408,-83.2844172,"Wayne County, Michigan, United States of America"
838,42.2682408,-83.2844172,"Wayne County, Michigan, United States of America"
839,42.2682408,-83.2844172,"Wayne County, Michigan, United States of America"
840,42.2682408,-83.2844172,"Wayne County, Michigan, United States of America"
841,40.8324212,-115.7631233,"Elko, Elko County, Nevada, United States of America"
842,40.7913922,-74.2479444,"Essex County, New Jersey, United States of America"
843,40.260151,-74.2756622942478,"Freehold Borough, Monmouth County, New Jersey, United States of America"
844,32.32817,-106.8494235,"Doa Ana County, New Mexico, United States of America"
845,32.32817,-106.8494235,"Doa Ana County, New Mexico, United States of America"
846,32.32817,-106.8494235,"Doa Ana County, New Mexico, United States of America"
847,32.32817,-106.8494235,"Doa Ana County, New Mexico, United States of America"
848,32.32817,-106.8494235,"Doa Ana County, New Mexico, United States of America"
849,33.1165937,-107.2569421,"Sierra County, New Mexico, United States of America"
850,33.1165937,-107.2569421,"Sierra County, New Mexico, United States of America"
851,33.1165937,-107.2569421,"Sierra County, New Mexico, United States of America"
852,33.1165937,-107.2569421,"Sierra County, New Mexico, United States of America"
853,40.85703325,-73.8366961598775,"Bronx County, New York City, New York, United States of America"
854,40.85703325,-73.8366961598775,"Bronx County, New York City, New York, United States of America"
855,40.85703325,-73.8366961598775,"Bronx County, New York City, New York, United States of America"
856,40.85703325,-73.8366961598775,"Bronx County, New York City, New York, United States of America"
857,40.64530975,-73.9550230275334,"Kings County, New York City, New York, United States of America"
858,40.64530975,-73.9550230275334,"Kings County, New York City, New York, United States of America"
859,40.64530975,-73.9550230275334,"Kings County, New York City, New York, United States of America"
860,40.6501038,-73.9495823,"Brooklyn, Kings County, New York City, New York, 11226, United States of America"
861,40.6501038,-73.9495823,"Brooklyn, Kings County, New York City, New York, 11226, United States of America"
862,40.6501038,-73.9495823,"Brooklyn, Kings County, New York City, New York, 11226, United States of America"
863,40.7835127,-73.9570851698202,"New York County, New York City, New York, United States of America"
864,40.7835127,-73.9570851698202,"New York County, New York City, New York, United States of America"
865,40.7835127,-73.9570851698202,"New York County, New York City, New York, United States of America"
866,40.7835127,-73.9570851698202,"New York County, New York City, New York, United States of America"
867,40.7835127,-73.9570851698202,"New York County, New York City, New York, United States of America"
868,40.7835127,-73.9570851698202,"New York County, New York City, New York, United States of America"
869,40.7835127,-73.9570851698202,"New York County, New York City, New York, United States of America"
870,40.7835127,-73.9570851698202,"New York County, New York City, New York, United States of America"
871,40.7835127,-73.9570851698202,"New York County, New York City, New York, United States of America"
872,40.7835127,-73.9570851698202,"New York County, New York City, New York, United States of America"
873,40.7835127,-73.9570851698202,"New York County, New York City, New York, United States of America"
874,40.7835127,-73.9570851698202,"New York County, New York City, New York, United States of America"
875,40.7902778,-73.9597222,"Manhattan, New York City, New York, 83, United States of America"
876,40.7902778,-73.9597222,"Manhattan, New York City, New York, 83, United States of America"
877,40.7902778,-73.9597222,"Manhattan, New York City, New York, 83, United States of America"
878,40.6524927,-73.7914214158161,"Queens County, New York City, New York, United States of America"
879,40.6524927,-73.7914214158161,"Queens County, New York City, New York, United States of America"
880,40.9690798,-73.7635316,"Scarsdale, New York, United States of America"
881,35.1436639,-83.3977297,"Macon County, North Carolina, United States of America"
882,35.1436639,-83.3977297,"Macon County, North Carolina, United States of America"
883,35.1436639,-83.3977297,"Macon County, North Carolina, United States of America"
884,35.1436639,-83.3977297,"Macon County, North Carolina, United States of America"
885,35.1436639,-83.3977297,"Macon County, North Carolina, United States of America"
886,35.1436639,-83.3977297,"Macon County, North Carolina, United States of America"
887,35.1436639,-83.3977297,"Macon County, North Carolina, United States of America"
888,35.1436639,-83.3977297,"Macon County, North Carolina, United States of America"
889,35.1436639,-83.3977297,"Macon County, North Carolina, United States of America"
890,35.1436639,-83.3977297,"Macon County, North Carolina, United States of America"
891,40.7214654,-81.4399734,"Stark County, Ohio, United States of America"
892,35.6677078,-95.9690122,"Okmulgee County, Oklahoma, United States of America"
893,35.6677078,-95.9690122,"Okmulgee County, Oklahoma, United States of America"
894,35.6677078,-95.9690122,"Okmulgee County, Oklahoma, United States of America"
895,44.8964425,-122.7203248,"Marion County, Oregon, United States of America"
896,44.8964425,-122.7203248,"Marion County, Oregon, United States of America"
897,44.8964425,-122.7203248,"Marion County, Oregon, United States of America"
898,45.5093799,-122.4006413,"Multnomah County, Oregon, United States of America"
899,45.5093799,-122.4006413,"Multnomah County, Oregon, United States of America"
900,45.5093799,-122.4006413,"Multnomah County, Oregon, United States of America"
901,45.5093799,-122.4006413,"Multnomah County, Oregon, United States of America"
902,45.5093799,-122.4006413,"Multnomah County, Oregon, United States of America"
903,40.4843583,-78.718852,"Cambria County, Pennsylvania, United States of America"
904,40.4843583,-78.718852,"Cambria County, Pennsylvania, United States of America"
905,40.0114538,-75.1326504,"Philadelphia County, Pennsylvania, United States of America"
906,40.0114538,-75.1326504,"Philadelphia County, Pennsylvania, United States of America"
907,31.8064303,-106.2220924,"El Paso County, Texas, United States of America"
908,31.8064303,-106.2220924,"El Paso County, Texas, United States of America"
909,31.8064303,-106.2220924,"El Paso County, Texas, United States of America"
910,31.8064303,-106.2220924,"El Paso County, Texas, United States of America"
911,31.8064303,-106.2220924,"El Paso County, Texas, United States of America"
912,31.8064303,-106.2220924,"El Paso County, Texas, United States of America"
913,31.8064303,-106.2220924,"El Paso County, Texas, United States of America"
914,31.8064303,-106.2220924,"El Paso County, Texas, United States of America"
915,31.8064303,-106.2220924,"El Paso County, Texas, United States of America"
916,31.8064303,-106.2220924,"El Paso County, Texas, United States of America"
917,31.8064303,-106.2220924,"El Paso County, Texas, United States of America"
918,31.8064303,-106.2220924,"El Paso County, Texas, United States of America"
919,31.8064303,-106.2220924,"El Paso County, Texas, United States of America"
920,31.8064303,-106.2220924,"El Paso County, Texas, United States of America"
921,31.8064303,-106.2220924,"El Paso County, Texas, United States of America"
922,31.8064303,-106.2220924,"El Paso County, Texas, United States of America"
923,31.8064303,-106.2220924,"El Paso County, Texas, United States of America"
924,31.8064303,-106.2220924,"El Paso County, Texas, United States of America"
925,31.8064303,-106.2220924,"El Paso County, Texas, United States of America"
926,31.8064303,-106.2220924,"El Paso County, Texas, United States of America"
927,31.8064303,-106.2220924,"El Paso County, Texas, United States of America"
928,29.3872254,-94.992736,"Galveston County, Texas, United States of America"
929,29.3872254,-94.992736,"Galveston County, Texas, United States of America"
930,29.3872254,-94.992736,"Galveston County, Texas, United States of America"
931,26.3530256,-98.216445,"Hidalgo County, Texas, United States of America"
932,26.3530256,-98.216445,"Hidalgo County, Texas, United States of America"
933,26.3530256,-98.216445,"Hidalgo County, Texas, United States of America"
934,26.3530256,-98.216445,"Hidalgo County, Texas, United States of America"
935,26.3530256,-98.216445,"Hidalgo County, Texas, United States of America"
936,26.3530256,-98.216445,"Hidalgo County, Texas, United States of America"
937,26.3530256,-98.216445,"Hidalgo County, Texas, United States of America"
938,26.3530256,-98.216445,"Hidalgo County, Texas, United States of America"
939,26.3530256,-98.216445,"Hidalgo County, Texas, United States of America"
940,26.3530256,-98.216445,"Hidalgo County, Texas, United States of America"
941,31.5388627,-105.4752945,"Hudspeth County, Texas, United States of America"
942,41.463407,-112.3029936,"Bear River, Box Elder County, Utah, United States of America"
943,41.3586056,-113.2112072,"Box Elder County, Utah, United States of America"
944,41.3586056,-113.2112072,"Box Elder County, Utah, United States of America"
945,41.3586056,-113.2112072,"Box Elder County, Utah, United States of America"
946,41.3586056,-113.2112072,"Box Elder County, Utah, United States of America"
947,41.3586056,-113.2112072,"Box Elder County, Utah, United States of America"
948,41.3586056,-113.2112072,"Box Elder County, Utah, United States of America"
949,41.3586056,-113.2112072,"Box Elder County, Utah, United States of America"
950,41.3586056,-113.2112072,"Box Elder County, Utah, United States of America"
951,41.3586056,-113.2112072,"Box Elder County, Utah, United States of America"
952,41.3586056,-113.2112072,"Box Elder County, Utah, United States of America"
953,41.3586056,-113.2112072,"Box Elder County, Utah, United States of America"
954,40.2968832,-111.747026,"Vineyard, Utah County, Utah, United States of America"
955,41.2728039,-111.8860648,"Weber County, Utah, United States of America"
956,41.2728039,-111.8860648,"Weber County, Utah, United States of America"
957,47.1744169,-123.8658829,"Grays Harbor County, Washington, United States of America"
958,47.0022547,-122.2117983,"Pierce County, Washington, United States of America"
959,48.4596092,-121.7332784,"Skagit County, Washington, United States of America"
960,48.4596092,-121.7332784,"Skagit County, Washington, United States of America"
961,43.01641545,-87.9737303495349,"Milwaukee County, Wisconsin, United States of America"
